"S.no","Age","Gender","Date of Arrival","Disctict","Result","Status","PatientResample","Discharge_Expiry_Date"
1,22,"Female","3/30/2020","Abbottabad","Positive","Recovered","NOT","3/30/2020"
2,35,"Male","3/30/2020","Mansehra","Negative","Recovered","NOT","4/2/2020"
3,80,"Male","3/29/2020","Mansehra","Positive","Recovered","Re-Negative","4/8/2020"
4,60,"Male","3/29/2020","Mansehra","Positive","Recovered","NOT","4/8/2020"
5,49,"Male","3/28/2020","Mansehra","Negative","Recovered","NOT","4/2/2020"
6,24,"Male","3/27/2020","Mansehra","Negative","Recovered","NOT","4/1/2020"
7,50,"Male","3/30/2020","Abbottabad","Positive","Recovered","Re-Negative","4/8/2020"
8,47,"Female","3/30/2020","Abbottabad","Negative","Recovered","Re-Negative","8/4/2020"
9,40,"Female","3/19/2020","Abbottabad","Negative","Recovered","NOT","3/25/2020"
10,80,"Male","3/12/2020","Abbottabad","Negative","Recovered","NOT","3/16/2020"
11,70,"Male","3/30/2020","Abbottabad","Negative","Recovered","NOT","4/10/2020"
12,65,"Male","3/25/2020","Abbottabad","Negative","Recovered","NOT","3/26/2020"
13,53,"Male","3/27/2020","Abbottabad","Negative","Recovered","NOT","3/30/2020"
14,17,"Male","4/1/2020","Abbottabad","Negative","Recovered","NOT","4/8/2020"
15,62,"Male","4/1/2020","Mansehra","Negative","Recovered","NOT","4/7/2020"
16,60,"Male","3/11/2020","Abbottabad","Negative","Recovered","NOT","3/13/2020"
17,32,"Male","3/13/2020","Abbottabad","Negative","Recovered","NOT","3/8/2020"
18,4,"Male","3/14/2020","Abbottabad","Negative","Recovered","NOT","3/14/2020"
19,33,"Male","3/17/2020","Abbottabad","Negative","Recovered","NOT","3/20/2020"
20,15,"Male","3/18/2020","Abbottabad","Negative","Recovered","NOT","3/24/2020"
21,30,"Male","3/18/2020","Mansehra","Negative","Recovered","NOT","3/24/2020"
22,60,"Male","3/18/2020","Mansehra","Negative","Recovered","NOT","3/24/2020"
23,32,"Male","3/20/2020","Abbottabad","Negative","Recovered","NOT","3/26/2020"
24,34,"Male","3/20/2020","Abbottabad","Negative","Recovered","NOT","3/23/2020"
25,30,"Male","3/20/2020","DI Khan","Negative","Recovered","NOT","3/28/2020"
26,34,"Male","3/20/2020","Mansehra","Negative","Recovered","NOT","3/27/2020"
27,25,"Male","3/21/2020","Abbottabad","Negative","Recovered","NOT","3/28/2020"
28,30,"Male","3/21/2020","Abbottabad","Negative","Recovered","NOT","3/24/2020"
29,21,"Female","3/21/2020","Mansehra","Negative","Recovered","NOT","3/26/2020"
30,22,"Female","3/22/2020","Abbottabad","Negative","Recovered","NOT","3/28/2020"
31,36,"Male","3/23/2020","Abbottabad","Negative","Recovered","NOT","3/26/2020"
32,56,"Male","3/25/2020","Abbottabad","Negative","Recovered","NOT","4/10/2020"
33,74,"Male","3/25/2020","Abbottabad","Negative","Recovered","NOT","4/23/2020"
34,50,"Male","4/4/2020","Abbottabad","Positive","Recovered","Re-Positive","5/2/2020"
35,57,"Male","3/29/2020","Mansehra","Negative","Recovered","NOT","4/3/2020"
36,66,"Male","4/6/2020","Abbottabad","Positive","Recovered","Re-Positive","4/27/2020"
37,25,"Male","4/6/2020","Abbottabad","Negative","Recovered","NOT","4/10/2020"
38,53,"Male","4/9/2020","Mansehra","Positive","Expired","Re-Positive","4/14/2020"
39,36,"Male","4/9/2020","Haripur","Negative","Recovered","NOT","4/13/2020"
40,67,"Male","4/9/2020","Mansehra","Positive","Expired","NOT","4/12/2020"
41,13,"Female","4/10/2020","Mansehra","Negative","Recovered","NOT","4/17/2020"
42,59,"Female","4/11/2020","Abbottabad","Positive","Recovered","NOT","4/24/2020"
43,68,"Male","4/11/2020","Abbottabad","Negative","Recovered","NOT","4/24/2020"
44,60,"Male","4/13/2020","Mansehra","Positive","Expired","NOT","4/28/2020"
45,12,"Male","4/13/2020","Mansehra","Negative","Recovered","NOT","4/19/2020"
46,45,"Male","4/15/2020","Abbottabad","Negative","Recovered","NOT","4/17/2020"
47,64,"Male","4/15/2020","Abbottabad","Negative","Recovered",,"4/18/2020"
48,52,"Female","4/15/2020","Mansehra","Negative","Recovered",,"4/17/2020"
49,44,"Male","4/15/2020","Mansehra","Positive","Expired",,"4/16/2020"
50,68,"Female","4/16/2020","Abbottabad","Positive","Expired",,"4/17/2020"
51,35,"Male","4/16/2020","Abbottabad","Negative","Recovered",,"4/19/2020"
52,55,"Male","4/17/2020","Abbottabad","Negative","Recovered",,"4/19/2020"
53,15,"Male","4/18/2020","Mansehra","Negative","Recovered",,"4/21/2020"
54,70,"Female","4/18/2020","Mansehra","Positive","Recovered","Re-Negative","5/3/2020"
55,65,"Female","4/21/2020","Mansehra","Negative","Non-COVID Expired",,"4/21/2020"
56,75,"Male","4/21/2020","Haripur","Negative","Recovered",,"4/24/2020"
57,26,"Female","4/22/2020","Abbottabad","Negative","Recovered",,"4/26/2020"
58,43,"Male","4/22/2020","Abbottabad","Negative","Recovered",,"4/26/2020"
59,40,"Male","4/22/2020","Abbottabad","Negative","Recovered",,"4/26/2020"
60,27,"Female","4/23/2020","Haripur","Negative","Recovered",,"4/25/2020"
61,28,"Female","4/23/2020","Abbottabad","Negative","Recovered",,"4/26/2020"
62,50,"Male","4/23/2020","Abbottabad","Negative","Recovered",,"4/26/2020"
63,50,"Male","4/24/2020","Abbottabad","Positive","Recovered","Re-Negative","5/10/2020"
64,29,"Female","4/24/2020","Haripur","Negative","Recovered",,"5/28/2020"
65,2,"Female","4/24/2020","Haripur","Negative","Recovered",,"4/27/2020"
66,27,"Male","4/24/2020","Swat","Negative","Recovered",,"4/25/2020"
67,37,"Male","4/25/2020","Abbottabad","Negative","Recovered",,"4/27/2020"
68,45,"Female","4/25/2020","Abbottabad","Negative","Recovered",,"4/30/2020"
69,23,"Male","4/25/2020","Abbottabad","Negative","Recovered",,"4/29/2020"
70,60,"Male","4/26/2020","Kohistan","Positive","Recovered","Re-Negative","5/13/2020"
71,56,"Male","4/26/2020","Abbottabad","Positive","Expired",,"4/30/2020"
72,79,"Male","4/29/2020","Abbottabad","Negative","Recovered",,"5/3/2020"
73,37,"Male","4/29/2020","Abbottabad","Negative","Recovered",,"5/3/2020"
74,39,"Male","5/1/2020","Battagram","Negative","Recovered",,"5/11/2020"
75,65,"Male","5/2/2020","Kohistan","Positive","Expired","1st Negativeand then Re-Positive","6/3/2020"
76,42,"Male","5/3/2020","Mansehra","Positive","Expired",,"5/3/2020"
77,45,"Male","5/3/2020","Battagram","Positive","Recovered","Re-Negative","5/7/2020"
78,55,"Male","5/4/2020","Abbottabad","Negative","Non-COVID Expired",,"5/7/2020"
79,38,"Male","5/4/2020","Battagram ","Positive","Recovered",,"5/13/2020"
80,37,"Male","5/4/2020","Mansehra","Negative","Non-COVID Expired",,"5/4/2020"
81,50,"Male","5/3/2020","Abbottabad","Positive","Expired",,"5/3/2020"
82,70,"Male","5/4/2020","Haripur","Positive","Expired",,"5/4/2020"
83,30,"Male","5/4/2020","Abbottabad","Negative","Recovered",,"5/11/2020"
84,55,"Male","5/5/2020","Abbottabad","Negative","Recovered",,"5/11/2020"
85,41,"Male","4/4/2020","Abbottabad","Negative","Recovered",,"5/7/2020"
86,29,"Male","5/9/2020","Abbottabad","Negative","Recovered",,"5/11/2020"
87,82,"Male","5/9/2020","Abbottabad","Negative","Recovered",,"5/13/2020"
88,22,"Male","5/10/2020","Abbottabad","Negative","Recovered",,"5/12/2020"
89,27,"Male","5/10/2020","Abbottabad","Positive","Expired",,"5/18/2020"
90,52,"Male","5/10/2020","Abbottabad","Positive","Recovered",,"5/23/2020"
91,62,"Female","5/10/2020","Abbottabad","Positive","Expired",,"5/19/2020"
92,52,"Male","5/12/2020","Kohistan","Negative","Recovered",,"5/18/2020"
93,54,"Male","5/12/2020","Kohistan","Positive","Expired",,"5/23/2020"
94,27,"Male","5/12/2020","Battagram","Positive","Recovered","Re-Positive","6/1/2020"
95,50,"Male","5/12/2020","Battagram","Positive","Recovered","Re-Positive","5/14/2020"
96,38,"Female","5/12/2020","Battagram","Positive","Recovered",,"5/30/2020"
97,21,"Male","5/13/2020","Abbottabad","Positive","Recovered",,"5/23/2020"
98,36,"Female","5/13/2020","Abbottabad","Negative","Recovered",,"5/15/2020"
99,60,"Male","5/14/2020","Abbottabad","Suspected","Discharge",,"5/14/2020"
100,56,"Male","5/15/2020","Abbottabad","Positive","Recovered",,"6/1/2020"
101,59,"Male","5/15/2020","Abbottabad","Negative","Recovered",,"5/19/2020"
102,24,"Male","5/15/2020","Mansehra","Negative","Recovered",,"5/16/2020"
103,50,"Female","5/15/2020","Mansehra","Negative","Recovered",,"5/16/2020"
104,42,"Male","5/15/2020","Abbottabad","Positive","Recovered","Re-Negative","6/1/2020"
105,65,"Female","5/16/2020","Abbottabad","Positive","Recovered",,"5/31/2020"
106,32,"Male","5/16/2020","Abbottabad","Positive","Recovered","Re-Positive","6/1/2020"
107,68,"Male","5/17/2020","Abbottabad","Negative","Recovered",,"5/18/2020"
108,70,"Female","5/17/2020","Abbottabad","Positive","Expired",,"5/17/2020"
109,40,"Male","5/18/2020","Abbottabad","Positive","Expired",,"5/22/2020"
110,42,"Male","5/18/2020","Abbottabad","Positive","Recovered","Re-Negative","5/31/2020"
111,77,"Male","5/18/2020","Kohistan","Negative","Recovered",,"7/1/2020"
112,50,"Female","5/18/2020","Abbottabad","Positive","Expired",,"5/23/2020"
113,52,"Male","5/19/2020","Battagram","Negative","Recovered",,"5/30/2020"
114,63,"Male","5/19/2020","Battagram","Positive","Recovered","Re-Negative","6/3/2020"
115,68,"Female","5/19/2020","Battagram","Negative","Recovered",,"5/21/2020"
116,55,"Male","5/20/2020","Mansehra","Positive","Expired","Re-Positive","6/6/2020"
117,25,"Male","5/21/2020","Abbottabad","Negative","Recovered",,"5/24/2020"
118,80,"Male","5/21/2020","Abbottabad","Positive","Recovered",,"6/4/2020"
119,55,"Female","5/21/2020","Mansehra ","Positive","Expired",,"6/28/2020"
120,37,"Male","5/21/2020","Abbottabad","Negative","Recovered",,"5/23/2020"
121,22,"Male","5/21/2020","Abbottabad","Negative","Recovered",,"5/23/2020"
122,50,"Male","5/22/2020","Mansehra","Positive","Recovered","Re-Negative","6/13/2020"
123,48,"Female","5/22/2020","Abbottabad","Suspected","Discharge",,"6/13/2020"
124,59,"Male","5/22/2020","Abbottabad","Positive","Recovered","Re-Negative","5/29/2020"
125,64,"Male","5/22/2020","Abbottabad","Negative","Recovered",,"5/25/2020"
126,45,"Female","5/22/2020","Abbottabad","Positive","Recovered","Re-Negative","6/1/2020"
127,38,"Male","5/23/2020","Swabi","Negative","Recovered",,"6/1/2020"
128,74,"Male","5/23/2020","Abbottabad","Positive","Expired",,"5/31/2020"
129,40,"Female","5/23/2020","Abbottabad","Suspected","Discharge",,"5/23/2020"
130,55,"Male","5/23/2020","Haripur","Positive","Expired",,"6/10/2020"
131,40,"Female","5/24/2020","Mansehra","Positive","Recovered",,"6/10/2020"
132,39,"Female","5/24/2020","Haripur","Positive","Recovered",,"5/26/2020"
133,63,"Male","5/24/2020","Battagram","Positive","Recovered",,"5/29/2020"
134,44,"Male","5/25/2020","Haripur","Positive","Expired",,"5/29/2020"
135,36,"Male","5/25/2020","Kohistan ","Positive","Recovered",,"6/8/2020"
136,60,"Male","5/25/2020","Abbottabad","Positive","Expired",,"5/27/2020"
137,25,"Male","5/26/2020","Shangla ","Positive","Recovered",,"6/4/2020"
138,22,"Male","5/26/2020","Abbottabad","Suspected","Discharge",,"5/27/2020"
139,59,"Male","5/27/2020","Swabi","Suspected","Discharge",,"5/28/2020"
140,65,"Female","5/27/2020","Abbottabad","Suspected","Non-COVID Expired",,"5/29/2020"
141,58,"Male","5/27/2020","Kohistan","Positive","Recovered",,"6/12/2020"
142,50,"Male","5/27/2020","Kohistan ","Positive","Expired",,"6/8/2020"
143,52,"Male","5/27/2020","Battagram","Positive","Expired",,"6/6/2020"
144,35,"Male","5/28/2020","Swabi","Suspected","Non-COVID Expired",,"5/31/2020"
145,65,"Female","5/29/2020","Abbottabad","Positive","Recovered",,"6/4/2020"
146,25,"Female","5/29/2020","Abbottabad","Suspected","Discharge",,"5/29/2020"
147,60,"Female","5/29/2020","Abbottabad","Negative","Recovered","Re-Negative","6/16/2020"
148,74,"Male","5/31/2020","Mansehra","Positive","Expired",,"6/7/2020"
149,46,"Male","5/31/2020","Mansehra","Negative","Non-COVID Expired",,"6/14/2020"
150,28,"Male","5/31/2020","Abbottabad","Suspected","Discharge",,"6/4/2020"
151,85,"Male","5/31/2020","Mansehra","Suspected","Non-COVID Expired",,"6/5/2020"
152,35,"Male","5/31/2020","Battagram","Negative","Recovered",,"6/8/2020"
153,68,"Female","5/31/2020","Mansehra","Suspected","Non-COVID Expired",,"6/5/2020"
154,42,"Male","5/31/2020","Kohistan","Negative","Recovered",,"6/5/2020"
155,56,"Male","5/31/2020","Mansehra","Positive","Recovered",,"6/12/2020"
156,70,"Male","6/1/2020","Mansehra","Positive","Recovered",,"6/15/2020"
157,53,"Male","6/1/2020","Abbottabad","Positive","Expired",,"6/5/2020"
158,67,"Female","6/1/2020","Abbottabad","Positive","Expired",,"6/3/2020"
159,71,"Male","6/1/2020","Abbottabad","Positive","Expired",,"6/4/2020"
160,75,"Female","6/1/2020","Kohistan","Positive","Expired",,"6/2/2020"
161,55,"Female","6/2/2020","Mansehra","Positive","Expired",,"6/2/2020"
162,40,"Male","6/2/2020","Abbottabad","Negative","Non-COVID Expired",,"6/4/2020"
163,30,"Male","6/2/2020","Abbottabad","Negative","Recovered",,"6/4/2020"
164,45,"Male","6/2/2020","Mansehra","Positive","Recovered",,"6/4/2020"
165,40,"Male","6/2/2020","Kohistan","Positive","Recovered",,"6/4/2020"
166,60,"Male","6/2/2020","Abbottabad","Positive","Expired",,"6/3/2020"
167,68,"Male","6/2/2020","Mansehra","Positive","Recovered",,"6/13/2020"
168,36,"Male","6/2/2020","Abbottabad","Negative","Recovered",,"6/13/2020"
169,29,"Male","6/2/2020","Battagram","Suspected","Discharge",,"6/4/2020"
170,58,"Female","6/2/2020","Swabi","Positive","Expired",,"6/11/2020"
171,55,"Female","6/3/2020","Mansehra","Positive","Recovered",,"6/12/2020"
172,78,"Male","6/3/2020","Torghar","Negative","Recovered",,"6/4/2020"
173,58,"Male","6/3/2020","Abbottabad","Positive","Recovered",,"6/14/2020"
174,50,"Male","6/3/2020","Haripur","Positive","Recovered","Re-Negative","7/5/2020"
175,32,"Male","6/3/2020","Abbottabad","Positive","Recovered",,"6/13/2020"
176,74,"Male","6/3/2020","Abbottabad","Positive","Expired",,"6/6/2020"
177,55,"Female","6/4/2020","Mansehra","Positive","Recovered",,"6/6/2020"
178,80,"Male","6/4/2020","Abbottabad","Positive","Recovered","Re-Negative","6/13/2020"
179,71,"Male","6/4/2020","Kohistan","Negative","Recovered",,"6/7/2020"
180,38,"Male","6/4/2020","Kohistan","Positive","Recovered",,"6/15/2020"
181,57,"Male","6/4/2020","Mansehra","Positive","Expired",,"6/5/2020"
182,59,"Male","6/4/2020","Abbottabad","Positive","Expired",,"6/9/2020"
183,80,"Male","6/4/2020","Abbottabad","Negative","Recovered",,"6/5/2020"
184,70,"Male","6/4/2020","Mansehra","Positive","Expired",,"6/10/2020"
185,32,"Female","6/5/2020","Abbottabad","Positive","Expired",,"6/21/2020"
186,41,"Male","6/5/2020","Kohistan","Positive","Recovered",,"6/13/2020"
187,36,"Male","6/5/2020","Abbottabad","Positive","Recovered",,"6/13/2020"
188,68,"Female","6/5/2020","Abbottabad","Positive","Recovered",,"6/13/2020"
189,48,"Female","6/5/2020","Mansehra","Suspected","Discharge",,"6/6/2020"
190,70,"Male","6/5/2020","Abbottabad","Positive","Expired",,"6/15/2020"
191,41,"Male","6/5/2020","Haripur","Suspected","Discharge",,"6/6/2020"
192,36,"Male","6/5/2020","Abbottabad","Negative","Non-COVID Expired",,"6/10/2020"
193,70,"Male","6/5/2020","Abbottabad","Suspected","Discharge",,"6/6/2020"
194,60,"Female","6/5/2020","Mansehra","Positive","Recovered",,"6/16/2020"
195,56,"Female","6/5/2020","Abbottabad","Positive","Recovered",,"6/20/2020"
196,57,"Female","6/6/2020","Abbottabad","Suspected","Non-COVID Expired",,"6/7/2020"
197,55,"Male","6/6/2020","Shangla ","Positive","Recovered",,"6/14/2020"
198,50,"Female","6/6/2020","Abbottabad","Positive","Recovered",,"6/17/2020"
199,83,"Female","6/6/2020","Mansehra","Negative","Non-COVID Expired",,"6/8/2020"
200,42,"Female","6/6/2020","Abbottabad","Positive","Expired","Re-Negative","6/19/2020"
201,57,"Male","6/6/2020","Abbottabad","Positive","Expired",,"7/4/2020"
202,72,"Male","6/6/2020","Abbottabad","Positive","Recovered","Re-Negative","6/16/2020"
203,60,"Male","6/6/2020","Abbottabad","Positive","Expired",,"6/10/2020"
204,55,"Female","6/6/2020","Abbottabad","Positive","Recovered",,"6/17/2020"
205,37,"Female","6/6/2020","Abbottabad","Positive","Expired","Re-Negative","6/18/2020"
206,56,"Male","6/6/2020","Haripur","Negative","Recovered",,"6/8/2020"
207,72,"Male","6/7/2020","Battagram","Positive","Recovered",,"6/17/2020"
208,53,"Male","6/7/2020","Battagram","Suspected","Discharge",,"6/14/2020"
209,85,"Male","6/7/2020","Battagram","Negative","Recovered",,"6/13/2020"
210,66,"Male","6/7/2020","Abbottabad","Positive","Expired",,"6/18/2020"
211,45,"Female","6/7/2020","Abbottabad","Suspected","Non-COVID Expired",,"6/8/2020"
212,60,"Female","6/7/2020","Mansehra","Positive","Recovered",,"6/15/2020"
213,34,"Female","6/7/2020","Abbottabad","Positive","Recovered",,"6/15/2020"
214,65,"Female","6/7/2020","Abbottabad","Positive","Recovered",,"6/22/2020"
215,70,"Male","6/8/2020","Abbottabad","Suspected","Non-COVID Expired",,"6/8/2020"
216,26,"Male","6/8/2020","Mansehra","Negative","Recovered",,"6/16/2020"
217,70,"Female","6/8/2020","Abbottabad","Positive","Expired",,"6/21/2020"
218,56,"Female","6/8/2020","Abbottabad","Positive","Recovered","Re-Negative","6/13/2020"
219,30,"Female","6/8/2020","Mansehra","Positive","Recovered",,"6/17/2020"
220,60,"Female","6/8/2020","Battagram","Negative","Recovered",,"6/16/2020"
221,70,"Female","6/8/2020","Muzafarabad","Negative","Non-COVID Expired",,"6/12/2020"
222,45,"Female","6/8/2020","Mansehra","Positive","Recovered",,"6/15/2020"
223,61,"Male","6/9/2020","Abbottabad","Negative","Recovered",,"6/17/2020"
224,50,"Male","6/9/2020","Abbottabad","Positive","Recovered",,"6/22/2020"
225,54,"Male","6/9/2020","Abbottabad","Negative","Recovered",,"6/17/2020"
226,25,"Male","6/9/2020","Mansehra","Negative","Recovered",,"6/16/2020"
227,64,"Male","6/9/2020","Abbottabad","Negative","Non-COVID Expired",,"6/12/2020"
228,77,"Male","6/10/2020","Abbottabad","Positive","Expired",,"6/12/2020"
229,38,"Female","6/10/2020","Abbottabad","Negative","Recovered",,"6/11/2020"
230,42,"Male","6/10/2020","Abbottabad","Positive","Recovered",,"6/12/2020"
231,56,"Female","6/10/2020","Abbottabad","Positive","Recovered",,"6/24/2020"
232,70,"Male","6/10/2020","Abbottabad","Negative","Recovered",,"6/18/2020"
233,56,"Female","6/10/2020","Mansehra","Suspected","Non-COVID Expired",,"6/10/2020"
234,60,"Female","6/10/2020","Mansehra","Negative","Recovered",,"6/14/2020"
235,40,"Male","6/10/2020","Abbottabad","Negative","Recovered",,"6/14/2020"
236,66,"Male","6/10/2020","Abbottabad","Negative","Recovered",,"6/20/2020"
237,27,"Male","6/10/2020","Battagram","Suspected","Non-COVID Expired",,"6/11/2020"
238,40,"Female","6/10/2020","Abbottabad","Negative","Recovered",,"6/16/2020"
239,45,"Male","6/10/2020","Kohistan","Negative","Recovered",,"6/14/2020"
240,60,"Male","6/10/2020","Mansehra ","Positive","Expired",,"6/12/2020"
241,66,"Male","6/10/2020","Shangla ","Positive","Expired",,"6/17/2020"
242,50,"Male","6/10/2020","Mansehra","Positive","Expired",,"6/27/2020"
243,75,"Male","6/10/2020","Abbottabad","Positive","Expired","Re-Negative","6/30/2020"
244,55,"Male","6/10/2020","Abbottabad","Negative","Recovered",,"6/14/2020"
245,83,"Male","6/10/2020","Abbottabad","Positive","Recovered","Re-Negative","6/13/2020"
246,15,"Male","6/11/2020","Abbottabad","Negative","Recovered",,"6/16/2020"
247,26,"Female","6/11/2020","Abbottabad","Positive","Recovered","Re-Negative","6/24/2020"
248,37,"Male","6/11/2020","Abbottabad","Positive","Recovered",,"6/24/2020"
249,62,"Female","6/11/2020","Battagram","Positive","Recovered","Re-Negative","6/24/2020"
250,60,"Male","6/11/2020","Kohistan","Positive","Recovered",,"6/17/2020"
251,75,"Female","6/11/2020","Abbottabad","Suspected","Non-COVID Expired",,"6/12/2020"
252,72,"Male","6/11/2020","Mansehra","Positive","Expired",,"6/13/2020"
253,60,"Female","6/11/2020","Kohistan","Positive","Recovered","Re-Positive ","6/22/2020"
254,74,"Male","6/11/2020","Haripur","Suspected","Non-COVID Expired",,"6/12/2020"
255,50,"Male","6/12/2020","Kohistan","Positive","Recovered",,"6/23/2020"
256,61,"Female","6/12/2020","Abbottabad","Negative","Recovered",,"6/18/2020"
257,58,"Male","6/12/2020","Mansehra","Positive","Expired",,"6/16/2020"
258,76,"Male","6/12/2020","Mansehra","Positive","Recovered",,"6/24/2020"
259,42,"Female","6/12/2020","Abbottabad","Positive","Expired",,"6/13/2020"
260,50,"Male","6/13/2020","Mardan","Positive","Recovered","Re-Negative","7/11/2020"
261,35,"Female","6/13/2020","Kohistan ","Positive","Recovered","Re-Negative","7/16/2020"
262,48,"Female","6/13/2020","Abbottabad","Positive","Recovered",,"7/1/2020"
263,60,"Female","6/13/2020","Abbottabad","Positive","Expired",,"6/13/2020"
264,40,"Male","6/13/2020","Abbottabad","Positive","Recovered","Re-Negative","6/28/2020"
265,40,"Male","6/13/2020","Shangla ","Positive","Recovered",,"6/16/2020"
266,54,"Male","6/13/2020","Mansehra","Positive","Recovered","Re-Negative","7/2/2020"
267,62,"Male","6/13/2020","Abbottabad","Positive","Expired",,"6/14/2020"
268,60,"Male","6/13/2020","Karachi","Suspected","Non-COVID Expired",,"6/14/2020"
269,58,"Male","6/13/2020","Abbottabad","Suspected","Non-COVID Expired",,"6/13/2020"
270,39,"Male","6/14/2020","Battagram","Negative","Recovered",,"6/24/2020"
271,38,"Male","6/14/2020","Abbottabad","Positive","Recovered",,"6/26/2020"
272,40,"Male","6/14/2020","Abbottabad","Negative","Recovered",,"6/20/2020"
273,70,"Male","6/14/2020","Mansehra","Positive","Recovered","Re-Negative","6/24/2020"
274,70,"Male","6/14/2020","Islamabad","Positive","Recovered","Re-Negative","6/23/2020"
275,66,"Male","6/14/2020","Abbottabad","Negative","Recovered",,"6/20/2020"
276,62,"Male","6/14/2020","Haripur","Positive","Recovered",,"6/17/2020"
277,40,"Male","6/14/2020","Mansehra","Positive","Recovered",,"6/19/2020"
278,64,"Male","6/14/2020","Mansehra","Negative","Recovered",,"6/17/2020"
279,59,"Female","6/14/2020","Abbottabad","Suspected","Discharge",,"6/17/2020"
280,71,"Male","6/15/2020","Mansehra","Positive","Recovered",,"6/15/2020"
281,30,"Male","6/15/2020","Abbottabad","Suspected","Discharge",,"6/17/2020"
282,69,"Male","6/15/2020","Abbottabad","Positive","Recovered","Re-Negative","6/24/2020"
283,40,"Female","6/15/2020","Mansehra","Positive","Expired","Re-Negative","6/28/2020"
284,55,"Female","6/15/2020","Attock","Negative","Recovered","Re-Negative","7/9/2020"
285,58,"Female","6/15/2020","Mansehra","Suspected","Non-COVID Expired",,"6/17/2020"
286,62,"Male","6/15/2020","Abbottabad","Negative","Recovered",,"6/25/2020"
287,52,"Male","6/15/2020","Abbottabad","Positive","Expired",,"7/2/2020"
288,74,"Male","6/15/2020","Abbottabad","Negative","Recovered",,"6/16/2020"
289,50,"Female","6/15/2020","Mansehra","Positive","Recovered","Re-Negative","7/5/2020"
290,45,"Male","6/16/2020","Abbottabad","Positive","Recovered","Re-Negative","7/16/2020"
291,55,"Female","6/16/2020","Mansehra","Suspected","Discharge",,"6/17/2020"
292,65,"Female","6/17/2020","Mansehra ","Positive","Recovered","Re-Negative","7/30/2020"
293,70,"Male","6/17/2020","Abbottabad","Positive","Recovered","Re-Positive ","6/22/2020"
294,69,"Female","6/17/2020","Mansehra  ","Suspected","Non-COVID Expired",,"6/19/2020"
295,45,"Male","6/17/2020","Mansehra ","Positive","Recovered","Re-Negative","7/1/2020"
296,75,"Female","6/17/2020","Kohistan ","Suspected","Discharge",,"6/17/2020"
297,50,"Female","6/17/2020","Abbottabad","Suspected","Discharge",,"6/17/2020"
298,75,"Male","6/17/2020","Abbottabad","Negative","Recovered",,"6/24/2020"
299,36,"Male","6/17/2020","Battagram","Positive","Recovered",,"7/7/2020"
300,70,"Female","6/17/2020","Mansehra ","Positive","Recovered",,"7/5/2020"
301,45,"Male","6/18/2020","Kohistan","Negative","Recovered",,"6/24/2020"
302,25,"Male","6/18/2020","Mansehra ","Positive","Recovered",,"7/5/2020"
303,70,"Male","6/18/2020","Mansehra ","Positive","Recovered",,"6/26/2020"
304,59,"Male","6/18/2020","Abbottabad","Suspected","Discharge",,"6/19/2020"
305,55,"Male","6/18/2020","Battagram","Negative","Recovered","Re-Negative","7/7/2020"
306,35,"Male","6/19/2020","Mansehra","Positive","Recovered",,"7/5/2020"
307,60,"Male","6/19/2020","Abbottabad","Negative","Recovered",,"7/3/2020"
308,83,"Male","6/19/2020","Abbottabad","Positive","Recovered","Re-Negative","7/7/2020"
309,70,"Female","6/19/2020","Battagram","Positive","Expired",,"7/5/2020"
310,60,"Female","6/19/2020","Abbottabad","Positive","Recovered",,"7/5/2020"
311,62,"Male","6/19/2020","Abbottabad","Positive","Recovered",,"6/25/2020"
312,56,"Male","6/20/2020","Abbottabad","Suspected","Discharge",,"6/20/2020"
313,63,"Male","6/20/2020","Abbottabad","Suspected","Discharge",,"7/5/2020"
314,52,"Male","6/20/2020","Abbottabad","Negative","Recovered",,"6/29/2020"
315,55,"Male","6/20/2020","Abbottabad","Negative","Recovered",,"7/5/2020"
316,85,"Male","6/20/2020","Mansehra  ","Positive","Recovered",,"6/29/2020"
317,55,"Male","6/20/2020","Mansehra ","Suspected","Discharge",,"6/20/2020"
318,60,"Male","6/20/2020","Shangla ","Suspected","Non-COVID Expired",,"6/21/2020"
319,60,"Male","6/20/2020","Mansehra ","Positive","Expired",,"6/30/2020"
320,71,"Male","6/21/2020","Mansehra ","Positive","Recovered","Re-Negative","7/6/2020"
321,60,"Male","6/21/2020","Mansehra ","Suspected","Non-COVID Expired",,"6/21/2020"
322,63,"Male","6/21/2020","Abbottabad","Positive","Expired","Re-Negative","7/5/2020"
323,65,"Female","6/21/2020","Haripur","Positive","Recovered","Re-Negative","6/30/2020"
324,42,"Male","6/21/2020","Abbottabad","Positive","Recovered",,"7/1/2020"
325,54,"Male","6/21/2020","Mansehra  ","Positive","Recovered","Re-Negative","7/7/2020"
326,68,"Male","6/22/2020","Abbottabad","Positive","Expired",,"7/1/2020"
327,41,"Female","6/22/2020","Abbottabad","Suspected","Discharge",,"7/1/2020"
328,70,"Male","6/22/2020","Abbottabad","Negative","Recovered","Re-Negative","7/5/2020"
329,70,"Male","6/22/2020","Battagram","Negative","Recovered",,"6/28/2020"
330,65,"Male","6/22/2020","Battagram","Positive","Recovered","Re-Negative","7/6/2020"
331,40,"Male","6/22/2020","Abbottabad","Positive","Recovered","Re-Negative","6/24/2020"
332,42,"Male","6/22/2020","Muzafarabad","Positive","Recovered",,"6/26/2020"
333,38,"Male","6/22/2020","Abbottabad","Positive","Recovered",,"6/25/2020"
334,76,"Male","6/23/2020","Abbottabad","Positive","Recovered",,"7/5/2020"
335,85,"Male","6/23/2020","Mansehra ","Suspected","Discharge",,"6/24/2020"
336,70,"Female","6/23/2020","Kohistan ","Negative","Recovered","Re-Positive ","7/2/2020"
337,80,"Female","6/23/2020","Abbottabad","Positive","Recovered","Re-Positive ","7/11/2020"
338,59,"Female","6/23/2020","Haripur","Negative","Recovered",,"7/2/2020"
339,45,"Male","6/23/2020","Haripur","Negative","Recovered",,"7/1/2020"
340,60,"Female","6/23/2020","Kohistan ","Positive","Recovered","Re-Negative","7/4/2020"
341,57,"Male","6/23/2020","Abbottabad","Positive","Expired",,"7/6/2020"
342,60,"Female","6/23/2020","Haripur","Negative","Recovered",,"7/5/2020"
343,55,"Female","6/23/2020","Mansehra","Positive","Recovered","Re-Negative","7/5/2020"
344,66,"Male","6/23/2020","Muzafarabad","Negative","Recovered","Re-Negative","7/4/2020"
345,74,"Male","6/23/2020","Abbottabad","Suspected","Non-COVID Expired",,"6/24/2020"
346,62,"Male","6/23/2020","Abbottabad","Positive","Expired",,"7/1/2020"
347,60,"Male","6/23/2020","Mansehra ","Negative","Recovered",,"6/28/2020"
348,75,"Female","6/23/2020","Abbottabad","Negative","Non-COVID Expired",,"7/3/2020"
349,36,"Female","6/24/2020","Abbottabad","Positive","Expired",,"6/28/2020"
350,48,"Female","6/24/2020","Abbottabad","Negative","Recovered",,"7/2/2020"
351,55,"Male","6/24/2020","Battagram","Negative","Recovered",,"7/1/2020"
352,80,"Female","6/24/2020","Mansehra ","Suspected","Non-COVID Expired",,"7/1/2020"
353,52,"Female","6/25/2020","Abbottabad","Negative","Recovered","Re-Negative","7/2/2020"
354,30,"Female","6/25/2020","Mansehra  ","Negative","Recovered",,"6/27/2020"
355,65,"Male","6/25/2020","Mansehra ","Positive","Recovered",,"6/30/2020"
356,60,"Female","6/26/2020","Shangla ","Positive","Recovered","Re-Negative","7/1/2020"
357,70,"Male","6/26/2020","Mansehra  ","Suspected","Non-COVID Expired",,"6/26/2020"
358,55,"Male","6/26/2020","Mansehra  ","Negative","Non-COVID Expired",,"7/1/2020"
359,70,"Male","6/27/2020","Kohistan","Negative","Recovered","Re-Negative","7/7/2020"
360,70,"Male","6/27/2020","Abbottabad","Positive","Recovered","Re-Negative","7/20/2020"
361,60,"Male","6/27/2020","Kohistan","Negative","Non-COVID Expired",,"6/29/2020"
362,36,"Male","6/27/2020","Mansehra ","Negative","Recovered","Re-Negative","7/5/2020"
363,32,"Male","6/27/2020","Mansehra  ","Negative","Recovered",,"7/5/2020"
364,33,"Male","6/28/2020","Abbottabad","Positive","Expired","Re-Positive ","7/8/2020"
365,55,"Female","6/28/2020","Abbottabad","Positive","Recovered","Re-Negative","7/17/2020"
366,65,"Female","6/29/2020","Abbottabad","Negative","Recovered",,"7/2/2020"
367,72,"Female","6/29/2020","Abbottabad","Positive","Expired",,"7/1/2020"
368,30,"Female","6/29/2020","Haripur","Negative","Recovered",,"7/5/2020"
369,78,"Female","6/30/2020","Kohistan","Positive","Recovered","Re-Positive ","7/19/2020"
370,50,"Male","6/30/2020","Mansehra ","Positive","Recovered","Re-Negative","8/1/2020"
371,70,"Male","6/30/2020","Mansehra ","Positive","Expired",,"7/5/2020"
372,65,"Male","6/30/2020","Abbottabad","Negative","Recovered",,"7/5/2020"
373,70,"Male","6/30/2020","Abbottabad","Positive","Recovered","Re-Negative","7/13/2020"
374,72,"Female","7/1/2020","Abbottabad","Positive","Recovered",,"7/11/2020"
375,65,"Male","7/1/2020","Mansehra ","Positive","Expired","Re-Positive ","7/19/2020"
376,40,"Male","7/1/2020","Kohistan","Negative","Recovered",,"7/5/2020"
377,50,"Female","7/2/2020","Abbottabad","Positive","Recovered",,"7/11/2020"
378,72,"Female","7/2/2020","Abbottabad","Positive","Recovered","Re-Negative","7/25/2020"
379,42,"Male","7/2/2020","Mansehra  ","Negative","Recovered",,"7/5/2020"
380,75,"Female","7/2/2020","Abbottabad","Positive","Recovered","Re-Negative","7/13/2020"
381,45,"Female","7/2/2020","Abbottabad","Positive","Recovered","Re-Negative","7/12/2020"
382,60,"Male","7/2/2020","Battagram","Negative","Non-COVID Expired",,"7/7/2020"
383,51,"Female","7/2/2020","Abbottabad","Positive","Recovered",,"7/13/2020"
384,76,"Male","7/3/2020","Kohistan","Positive","Recovered",,"7/10/2020"
385,32,"Male","7/3/2020","Abbottabad","Negative","Recovered","Re-Negative","7/29/2020"
386,62,"Female","7/3/2020","Mansehra ","Positive","Expired",,"7/11/2020"
387,20,"Female","7/4/2020","Battagram","Negative","Non-COVID Expired",,"7/9/2020"
388,64,"Female","7/4/2020","Mansehra","Negative","Recovered","Re-Negative","7/7/2020"
389,83,"Male","7/4/2020","Abbottabad","Positive","Expired",,"7/6/2020"
390,65,"Female","7/4/2020","Haripur","Suspected","Non-COVID Expired",,"7/4/2020"
391,58,"Female","7/4/2020","Abbottabad","Positive","Recovered",,"7/16/2020"
392,48,"Female","6/30/2020","Abbottabad","Negative","Recovered",,"7/2/2020"
393,46,"Male","7/5/2020","Abbottabad","Negative","Non-COVID Expired",,"7/13/2020"
394,52,"Male","7/6/2020","Abbottabad","Positive","Expired",,"7/21/2020"
395,57,"Male","7/6/2020","Mansehra","Positive","Recovered","Re-Negative","7/13/2020"
396,69,"Female","7/7/2020","Abbottabad","Negative","Non-COVID Expired","Re-Negative","7/23/2020"
397,38,"Male","7/7/2020","Haripur","Positive","Expired","Re-Positive ","8/8/2020"
398,62,"Male","7/7/2020","Abbottabad","Negative","Recovered",,"7/14/2020"
399,65,"Female","7/7/2020","Abbottabad","Suspected","Non-COVID Expired",,"7/10/2020"
400,78,"Male","7/7/2020","Mansehra  ","Negative","Recovered",,"7/24/2020"
401,64,"Female","7/8/2020","Mansehra ","Positive","Expired",,"7/8/2020"
402,22,"Male","7/8/2020","Mansehra  ","Negative","Recovered",,"7/10/2020"
403,42,"Male","7/8/2020","Mansehra ","Positive","Recovered","Re-Negative","7/31/2020"
404,85,"Female","7/8/2020","Mansehra ","Negative","Non-COVID Expired","Re-Negative","7/26/2020"
405,70,"Female","7/8/2020","Abbottabad","Positive","Recovered",,"7/13/2020"
406,63,"Male","7/8/2020","Abbottabad","Suspected","Non-COVID Expired",,"7/8/2020"
407,65,"Male","7/8/2020","Mansehra ","Negative","Non-COVID Expired",,"7/18/2020"
408,73,"Male","7/8/2020","Abbottabad","Positive","Expired",,"7/12/2020"
409,38,"Female","7/9/2020","Mansehra ","Negative","Non-COVID Expired",,"7/14/2020"
410,65,"Female","7/9/2020","Mansehra ","Negative","Non-COVID Expired","Re-Negative","7/19/2020"
411,80,"Female","7/9/2020","Kohistan","Suspected","Discharge",,"7/9/2020"
412,58,"Female","7/9/2020","Haripur","Positive","Recovered","Re-Positive ","7/19/2020"
413,70,"Male","7/9/2020","Kohistan ","Suspected","Discharge",,"7/10/2020"
414,90,"Male","7/9/2020","Abbottabad","Positive","Expired","Re-Positive ","7/24/2020"
415,73,"Male","7/9/2020","Abbottabad","Positive","Expired","Re-Positive ","8/9/2020"
416,58,"Male","7/9/2020","Mansehra ","Suspected","Discharge",,"7/11/2020"
417,90,"Female","7/10/2020","Abbottabad","Positive","Recovered","Re-Negative","7/19/2020"
418,65,"Female","7/10/2020","Abbottabad","Positive","Recovered","Re-Negative","7/27/2020"
419,62,"Male","7/10/2020","Muzafarabad","Positive","Recovered","Re-Negative","7/25/2020"
420,88,"Male","7/10/2020","Mansehra ","Negative","Non-COVID Expired","Re-Negative","7/28/2020"
421,70,"Female","7/10/2020","Abbottabad","Positive","Recovered",,"7/20/2020"
422,25,"Female","7/10/2020","Battagram","Negative","Recovered",,"7/14/2020"
423,72,"Male","7/11/2020","Abbottabad","Positive","Expired",,"7/14/2020"
424,70,"Female","7/11/2020","Kohistan","Suspected","Non-COVID Expired",,"7/11/2020"
425,68,"Male","7/11/2020","Wah Cantt","Positive","Expired",,"7/18/2020"
426,45,"Male","7/11/2020","Abbottabad","Negative","Recovered","Re-Negative","7/19/2020"
427,55,"Male","7/11/2020","Abbottabad","Positive","Recovered","Re-Negative","7/22/2020"
428,65,"Male","7/11/2020","Abbottabad","Negative","Recovered",,"7/13/2020"
429,75,"Male","7/13/2020","Mansehra ","Positive","Expired",,"7/13/2020"
430,75,"Female","7/13/2020","Abbottabad","Positive","Expired",,"7/17/2020"
431,60,"Male","7/13/2020","Abbottabad","Negative","Recovered","Re-Negative","7/16/2020"
432,39,"Female","7/14/2020","Abbottabad","Positive","Recovered",,"7/17/2020"
433,55,"Male","7/14/2020","Abbottabad","Positive","Expired",,"7/23/2020"
434,52,"Male","7/14/2020","Battagram","Positive","Expired",,"7/21/2020"
435,55,"Female","7/14/2020","Abbottabad","Negative","Recovered","Re-Negative","7/25/2020"
436,90,"Female","7/14/2020","Nil","Suspected","Discharge",,"7/14/2020"
437,70,"Female","7/15/2020","Abbottabad","Negative","Non-COVID Expired","Re-Negative","7/30/2020"
438,67,"Female","7/15/2020","Abbottabad","Negative","Non-COVID Expired",,"8/1/2020"
439,32,"Female","7/15/2020","Mansehra ","Positive","Recovered","Re-Positive ","7/18/2020"
440,54,"Female","7/15/2020","Mansehra ","Positive","Expired",,"7/21/2020"
441,87,"Female","7/15/2020","Abbottabad","Positive","Recovered",,"7/16/2020"
442,72,"Male","7/15/2020","Mansehra ","Positive","Recovered","Re-Positive ","7/19/2020"
443,72,"Female","7/15/2020","Abbottabad","Negative","Non-COVID Expired","Re-Negative","8/2/2020"
444,35,"Male","7/16/2020","Battagram","Positive","Recovered",,"7/22/2020"
445,52,"Female","7/16/2020","Abbottabad","Positive","Recovered",,"7/20/2020"
446,60,"Male","7/17/2020","Abbottabad","Positive","Recovered","Re-Negative","8/6/2020"
447,60,"Female","7/17/2020","Abbottabad","Positive","Expired",,"7/19/2020"
448,75,"Male","7/17/2020","Abbottabad","Positive","Recovered","Re-Negative","7/29/2020"
449,62,"Female","7/18/2020","Haripur","Negative","Non-COVID Expired",,"7/19/2020"
450,50,"Male","7/19/2020","Abbottabad","Negative","Recovered","Re-Negative","7/27/2020"
451,62,"Male","7/20/2020","Mansehra","Negative","Recovered",,"7/22/2020"
452,55,"Male","7/20/2020","Abbottabad","Suspected","Non-COVID Expired",,"7/21/2020"
453,27,"Female","7/20/2020","Mansehra","Positive","Expired",,"7/31/2020"
454,60,"Female","7/20/2020","Abbottabad","Negative","Non-COVID Expired","Re-Negative","7/29/2020"
455,68,"Male","7/21/2020","Abbottabad","Negative","Non-COVID Expired",,"7/22/2020"
456,65,"Male","7/21/2020","Kohistan ","Negative","Recovered",,"7/25/2020"
457,47,"Male","7/22/2020","Abbottabad","Positive","Recovered",,"8/7/2020"
458,55,"Male","7/22/2020","Mansehra","Negative","Recovered",,"7/31/2020"
459,25,"Male","7/22/2020","Dassu","Positive","Recovered","Re-Positive ","7/30/2020"
460,60,"Male","7/22/2020","Abbottabad","Positive","Recovered","Re-Negative","7/30/2020"
461,75,"Female","7/23/2020","Abbottabad","Negative","Recovered",,"7/25/2020"
462,70,"Male","7/23/2020","Kohistan","Negative","Recovered",,"7/25/2020"
463,50,"Male","7/23/2020","Abbottabad","Positive","Recovered","Re-Negative","8/6/2020"
464,50,"Female","7/23/2020","Abbottabad","Positive","Expired",,"8/3/2020"
465,55,"Female","7/23/2020","Abbottabad","Positive","Recovered","Re-Negative","8/1/2020"
466,55,"Male","7/24/2020","Battagram","Negative","Recovered",,"7/27/2020"
467,56,"Female","7/25/2020","Abbottabad","Negative","Recovered",,"8/2/2020"
468,65,"Female","7/25/2020","Haripur","Negative","Recovered",,"7/27/2020"
469,62,"Male","7/25/2020","Abbottabad","Negative","Recovered",,"7/31/2020"
470,60,"Female","7/26/2020","Kohistan","Positive","Expired","Re-Positive ","7/31/2020"
471,72,"Male","7/26/2020","Abbottabad","Positive","Expired",,"7/20/2020"
472,80,"Male","7/26/2020","Kohistan","Positive","Expired",,"8/1/2020"
473,55,"Female","7/26/2020","Abbottabad","Positive","Recovered","Re-Negative","8/26/2020"
474,57,"Male","7/27/2020","Mansehra ","Positive","Recovered","Re-Negative","7/31/2020"
475,65,"Male","7/27/2020","Kohistan","Negative","Non-COVID Expired",,"7/27/2020"
476,80,"Female","7/27/2020","Mansehra ","Negative","Non-COVID Expired","Re-Negative","8/7/2020"
477,72,"Male","7/27/2020","Mansehra ","Negative","Recovered",,"7/31/2020"
478,50,"Male","7/29/2020","Abbottabad","Suspected","Discharge",,"7/30/2020"
479,45,"Female","7/30/2020","Abbottabad","Suspected","Discharge",,"7/30/2020"
480,65,"Female","7/30/2020","Mansehra ","Positive","Expired","Re-Positive ","8/15/2020"
481,65,"Female","7/30/2020","Mansehra ","Positive","Expired","Re-Positive ","8/11/2020"
482,65,"Female","7/31/2020","Abbottabad","Positive","Expired","Re-Positive ","8/7/2020"
483,35,"Female","8/1/2020","Abbottabad","Negative","Recovered",,"8/2/2020"
484,89,"Male","8/2/2020","Abbottabad","Suspected","Discharge",,"8/3/2020"
485,50,"Male","8/3/2020","Mansehra ","Positive","Recovered",,"8/14/2020"
486,72,"Male","8/3/2020","Abbottabad","Positive","Expired",,"8/10/2020"
487,41,"Male","8/4/2020","Abbottabad","Negative","Recovered",,"8/7/2020"
488,48,"Male","8/4/2020","Haripur","Positive","Recovered","Re-Negative","8/15/2020"
489,65,"Male","8/5/2020","Abbottabad","Positive","Expired",,"8/17/2020"
490,50,"Female","8/5/2020","Haripur","Negative","Recovered",,"8/11/2020"
491,60,"Male","8/6/2020","Kohistan","Positive","Expired",,"8/13/2020"
492,90,"Male","8/6/2020","Mansehra","Positive","Recovered","Re-Negative","8/17/2020"
493,60,"Male","8/6/2020","Abbottabad","Positive","Recovered","Re-Positive ","8/20/2020"
494,70,"Male","8/6/2020","Kohistan ","Positive","Expired",,"7/8/2020"
495,80,"Female","8/7/2020","Mansehra ","Suspected","Discharge",,"8/7/2020"
496,44,"Male","8/7/2020","Abbottabad","Positive","Recovered","Re-Negative","8/19/2020"
497,42,"Female","8/7/2020","Abbottabad","Positive","Recovered","Re-Positive ","8/17/2020"
498,30,"Female","8/8/2020","Abbottabad","Positive","Expired",,"8/9/2020"
499,54,"Male","8/8/2020","Abbottabad","Positive","Recovered","Re-Negative","8/17/2020"
500,17,"Male","8/8/2020","Abbottabad","Positive","Recovered","Re-Positive ","8/17/2020"
501,50,"Male","8/8/2020","Abbottabad","Positive","Recovered","Re-Positive ","8/26/2020"
502,62,"Male","8/8/2020","Abbottabad","Positive","Recovered","Re-Positive ","8/19/2020"
503,50,"Female","8/10/2020","Abbottabad","Positive","Recovered",,"8/12/2020"
504,75,"Male","8/11/2020","Abbottabad","Positive","Recovered","Re-Negative","9/4/2020"
505,37,"Male","8/12/2020","Mansehra ","Suspected","Discharge",,"8/15/2020"
506,79,"Male","8/13/2020","Abbottabad","Suspected","Discharge",,"8/13/2020"
507,75,"Male","8/13/2020","Mansehra ","Positive","Recovered","Re-Negative","8/21/2020"
508,70,"Male","8/14/2020","Abbottabad","Negative","Recovered",,"8/22/2020"
509,60,"Male","8/15/2020","Mansehra ","Negative","Recovered",,"9/5/2020"
510,45,"Male","8/18/2020","Abbottabad","Positive","Recovered",,"8/21/2020"
511,60,"Female","8/18/2020","Mansehra ","Suspected","Non-COVID Expired",,"8/25/2020"
512,55,"Female","8/23/2020","Mansehra ","Negative","Non-COVID Expired",,"9/8/2020"
513,54,"Male","8/23/2020","Abbottabad","Negative","Recovered",,"9/9/2020"
514,45,"Female","8/23/2020","Mansehra","Suspected","Non-COVID Expired",,"8/25/2020"
515,65,"Male","8/24/2020","Abbottabad","Suspected","Discharge",,"8/25/2020"
516,55,"Female","8/25/2020","Shangla ","Suspected","Non-COVID Expired",,"8/25/2020"
517,30,"Female","8/25/2020","Battagram","Suspected","Non-COVID Expired",,"8/25/2020"
518,65,"Male","8/27/2020","Battagram","Negative","Recovered",,"8/30/2020"
519,70,"Female","8/28/2020","Mansehra ","Negative","Recovered",,"8/31/2020"
520,28,"Male","8/29/2020","Mansehra ","Negative","Recovered",,"9/1/2020"
521,19,"Male","8/29/2020","Battagram","Suspected","Non-COVID Expired",,"8/30/2020"
522,55,"Male","8/30/2020","Abbottabad","Negative","Recovered",,"9/2/2020"
523,85,"Male","9/1/2020","Abbottabad","Negative","Non-COVID Expired",,"9/10/2020"
524,90,"Male","9/2/2020","Haripur","Negative","Recovered",,"9/2/2020"
525,57,"Male","9/2/2020","Abbottabad","Negative","Recovered",,"9/4/2020"
526,80,"Female","9/4/2020","Mansehra ","Suspected","Discharge",,"9/4/2020"
527,50,"Female","9/5/2020","Mansehra ","Suspected","Discharge",,"9/7/2020"
528,60,"Male","9/5/2020","Mansehra ","Negative","Recovered",,"9/9/2020"
529,38,"Female","9/9/2020","Abbottabad","Negative","Recovered",,"9/16/2020"
530,40,"Male","9/11/2020","Abbottabad","Positive","Recovered",,"9/16/2020"
531,60,"Male","9/11/2020","Abbottabad","Negative","Recovered",,"10/18/2020"
532,55,"Male","9/10/2020","Abbottabad","Suspected","Discharge",,"9/16/2020"
533,50,"Male","9/11/2020","Abbottabad","Negative","Non-COVID Expired","Re-Negative","9/30/2020"
534,78,"Female","9/12/2020","Abbottabad","Negative","Recovered",,"9/16/2020"
535,46,"Male","9/14/2020","Abbottabad","Negative","Recovered",,"9/16/2020"
536,42,"Male","9/14/2020","Abbottabad","Suspected","Discharge",,"9/17/2020"
537,80,"Male","9/16/2020","Mansehra ","Positive","Expired",,"9/24/2020"
538,65,"Male","9/18/2020","Abbottabad","Negative","Recovered",,"9/24/2020"
539,55,"Male","9/18/2020","Abbottabad","Negative","Recovered",,"10/6/2020"
540,60,"Male","9/19/2020","Abbottabad","Suspected","Non-COVID Expired",,"9/23/2020"
541,50,"Male","9/19/2020","Mansehra ","Suspected","Discharge",,"9/20/2020"
542,50,"Male","9/19/2020","Mansehra ","Negative","Non-COVID Expired",,"9/23/2020"
543,18,"Male","9/20/2020","Kohistan","Negative","Recovered",,"9/23/2020"
544,70,"Male","9/23/2020","Abbottabad","Negative","Recovered",,"9/25/2020"
545,52,"Male","9/24/2020","Abbottabad","Suspected","Discharge",,"9/24/2020"
546,53,"Male","9/25/2020","Mansehra ","Negative","Recovered",,"9/30/2020"
547,48,"Female","9/26/2020","Abbottabad","Negative","Recovered",,"9/29/2020"
548,60,"Female","9/26/2020","Abbottabad","Negative","Recovered",,"9/29/2020"
549,60,"Male","9/28/2020","Battagram","Negative","Recovered",,"9/29/2020"
550,60,"Male","9/28/2020","Shangla ","Negative","Recovered",,"9/29/2020"
551,70,"Male","9/28/2020","Abbottabad","Negative","Recovered",,"10/10/2020"
552,21,"Female","9/28/2020","Abbottabad","Negative","Recovered",,"9/29/2020"
553,65,"Female","9/28/2020","Abbottabad","Suspected","Discharge",,"9/29/2020"
554,55,"Female","9/30/2020","Abbottabad","Positive","Discharge",,"11/24/2020"
555,59,"Male","10/1/2020","Abbottabad","Negative","Recovered",,"8/10/2020"
556,45,"Male","10/1/2020","Abbottabad","Negative","Recovered",,"10/4/2020"
557,86,"Female","10/2/2020","Abbottabad","Positive","Expired",,"10/5/2020"
558,68,"Female","10/3/2020","Abbottabad","Positive","Recovered","Re-Negative","10/25/2020"
559,62,"Male","10/3/2020","Mansehra ","Negative","Recovered",,"10/20/2020"
560,46,"Female","10/5/2020","Haripur","Negative","Recovered",,"10/7/2020"
561,45,"Female","10/6/2020","Haripur","Negative","Recovered",,"10/8/2020"
562,33,"Female","10/6/2020","Mansehra ","Negative","Non-COVID Expired",,"8/10/2020"
563,55,"Male","10/7/2020","Abbottabad","Suspected","Non-COVID Expired",,"10/7/2020"
564,50,"Male","10/7/2020","Battagram","Negative","Recovered",,"10/11/2020"
565,46,"Female","10/8/2020","Abbottabad","Negative","Recovered",,"10/11/2020"
566,55,"Male","10/8/2020","Abbottabad","Suspected","Discharge",,"10/13/2020"
567,75,"Male","10/9/2020","Abbottabad","Negative","Recovered",,"10/13/2020"
568,70,"Female","10/9/2020","Haripur","Suspected","Discharge",,"10/11/2020"
569,22,"Male","10/9/2020","Mansehra","Suspected","Discharge",,"10/12/2020"
570,50,"Male","10/9/2020","Mansehra ","Negative","Non-COVID Expired",,"10/21/2020"
571,65,"Male","10/10/2020","Abbottabad","Negative","Recovered",,"10/16/2020"
572,62,"Male","10/10/2020","Mansehra","Negative","Non-COVID Expired",,"10/19/2020"
573,42,"Male","10/11/2020","Abbottabad","Negative","Recovered",,"10/16/2020"
574,35,"Female","10/12/2020","Abbottabad","Suspected","Discharge",,"10/13/2020"
575,60,"Female","10/12/2020","Gilgit","Negative","Recovered",,"10/18/2020"
576,38,"Male","10/13/2020","Abbottabad","Negative","Recovered",,"10/18/2020"
577,64,"Male","10/15/2020","Mansehra ","Negative","Non-COVID Expired",,"10/18/2020"
578,10,"Male","10/16/2020","Abbottabad","Negative","Recovered",,"10/18/2020"
579,62,"Male","10/16/2020","Haripur","Negative","Non-COVID Expired",,"11/19/2020"
580,51,"Male","10/17/2020","Mansehra ","Negative","Non-COVID Expired",,"10/28/2020"
581,65,"Male","10/17/2020","Battagram","Negative","Recovered",,"10/21/2020"
582,48,"Female","10/17/2020","Muzafarabad","Negative","Recovered",,"10/19/2020"
583,100,"Male","10/18/2020","Mansehra","Suspected","Discharge",,"10/18/2020"
584,40,"Female","10/19/2020","Abbottabad","Negative","Recovered",,"10/19/2020"
585,60,"Male","10/19/2020","Battagram","Negative","Recovered",,"10/21/2020"
586,60,"Female","10/19/2020","Battagram","Negative","Recovered","Re-Negative","11/20/2020"
587,69,"Male","10/19/2020","Mansehra ","Negative","Recovered",,"10/21/2020"
588,59,"Male","10/19/2020","Abbottabad","Negative","Recovered",,"10/27/2020"
589,47,"Male","10/20/2020","Abbottabad","Negative","Recovered",,"10/30/2020"
590,14,"Female","10/20/2020","Abbottabad","Negative","Recovered",,"10/21/2020"
591,68,"Male","10/20/2020","Abbottabad","Negative","Non-COVID Expired",,"10/26/2020"
592,55,"Female","10/20/2020","Mansehra ","Negative","Recovered",,"10/30/2020"
593,70,"Male","10/20/2020","Shangla ","Negative","Recovered",,"10/28/2020"
594,80,"Male","10/20/2020","Haripur","Negative","Recovered",,"10/21/2020"
595,58,"Female","10/23/2020","Abbottabad","Negative","Recovered",,"10/30/2020"
596,60,"Female","10/24/2020","Mansehra","Negative","Recovered",,"10/25/2020"
597,75,"Male","10/24/2020","Mansehra ","Negative","Non-COVID Expired",,"11/2/2020"
598,71,"Male","10/24/2020","Mansehra ","Negative","Recovered",,"11/5/2020"
599,65,"Male","10/24/2020","Mansehra ","Suspected","Non-COVID Expired",,"10/24/2020"
600,70,"Male","10/25/2020","Abbottabad","Negative","Recovered",,"10/30/2020"
601,49,"Male","10/25/2020","Abbottabad","Negative","Recovered",,"10/30/2020"
602,60,"Male","10/25/2020","Abbottabad","Negative","Non-COVID Expired",,"10/31/2020"
603,50,"Female","10/25/2020","Mansehra ","Suspected","Non-COVID Expired",,"10/25/2020"
604,38,"Female","10/25/2020","Abbottabad","Negative","Recovered",,"11/11/2020"
605,68,"Female","10/25/2020","Abbottabad","Negative","Recovered",,"10/30/2020"
606,51,"Male","10/26/2020","Abbottabad","Negative","Admitted",,
607,55,"Female","10/26/2020","Abbottabad","Negative","Non-COVID Expired",,"11/3/2020"
608,80,"Female","10/26/2020","Abbottabad","Negative","Recovered",,"10/30/2020"
609,55,"Male","10/26/2020","Dassu","Negative","Recovered",,"11/10/2020"
610,60,"Female","10/27/2020","Abbottabad","Negative","Recovered",,"10/30/2020"
611,50,"Male","10/27/2020","Abbottabad","Negative","Recovered",,"11/7/2020"
612,48,"Male","10/27/2020","Abbottabad","Negative","Recovered",,"11/10/2020"
613,55,"Female","10/27/2020","Abbottabad","Negative","Recovered",,"11/4/2020"
614,55,"Female","10/28/2020","Battagram","Negative","Recovered",,"11/5/2020"
615,70,"Male","10/28/2020","Mansehra","Negative","Recovered",,"10/30/2020"
616,48,"Female","10/28/2020","Mansehra","Negative","Recovered",,"11/3/2020"
617,60,"Male","10/28/2020","Mansehra","Positive","Recovered",,"11/6/2020"
618,30,"Male","10/28/2020","Mansehra ","Positive","Recovered",,"11/4/2020"
619,63,"Male","10/29/2020","Abbottabad","Negative","Recovered",,"11/16/2020"
620,50,"Female","10/29/2020","Mansehra","Positive","Expired",,"11/23/2020"
621,28,"Female","10/30/2020","Mansehra ","Negative","Non-COVID Expired",,"11/20/2020"
622,32,"Male","10/30/2020","Mansehra","Negative","Recovered",,"11/5/2020"
623,44,"Female","10/30/2020","Abbottabad","Suspected","Discharge",,"11/3/2020"
624,62,"Female","10/30/2020","Mansehra ","Negative","Recovered",,"11/3/2020"
625,50,"Female","10/30/2020","Mansehra","Negative","Non-COVID Expired",,"11/5/2020"
626,77,"Male","10/30/2020","Abbottabad","Negative","Non-COVID Expired",,"11/12/2020"
627,62,"Male","10/31/2020","Abbottabad","Negative","Recovered",,"11/7/2020"
628,78,"Male","10/31/2020","Abbottabad","Suspected","Discharge",,"11/4/2020"
629,65,"Male","10/31/2020","Abbottabad","Suspected","Discharge",,"10/31/2020"
630,58,"Female","10/31/2020","Abbottabad","Negative","Recovered",,"11/4/2020"
631,35,"Male","10/31/2020","Abbottabad","Negative","Non-COVID Expired",,"11/3/2020"
632,45,"Female","10/31/2020","Mansehra","Negative","Recovered",,"11/23/2020"
633,67,"Female","11/1/2020","Abbottabad","Negative","Non-COVID Expired",,"11/7/2020"
634,38,"Male","11/1/2020","Abbottabad","Positive","Recovered",,"11/12/2020"
635,60,"Male","11/2/2020","Abbottabad","Negative","Non-COVID Expired",,"11/5/2020"
636,63,"Male","11/3/2020","Mansehra","Negative","Non-COVID Expired",,"11/8/2020"
637,84,"Male","11/3/2020","Mansehra ","Suspected","Non-COVID Expired",,"11/9/2020"
638,87,"Male","11/4/2020","Battagram","Negative","Recovered",,"11/7/2020"
639,62,"Male","11/4/2020","Mansehra","Suspected","Discharge",,"11/5/2020"
640,65,"Male","11/4/2020","Abbottabad","Suspected","Non-COVID Expired",,"11/10/2020"
641,54,"Male","11/4/2020","Abbottabad","Positive","Recovered",,"11/11/2020"
642,75,"Male","11/5/2020","Mansehra","Positive","Recovered",,"11/6/2020"
643,41,"Male","11/5/2020","Abbottabad","Positive","Recovered",,"11/16/2020"
644,68,"Male","11/5/2020","Haripur","Negative","Recovered",,"12/2/2020"
645,48,"Female","11/5/2020","Mansehra ","Negative","Non-COVID Expired",,"11/8/2020"
646,65,"Male","11/5/2020","Abbottabad","Positive","Recovered",,"11/9/2020"
647,58,"Male","11/5/2020","Abbottabad","Negative","Non-COVID Expired",,"11/8/2020"
648,75,"Male","11/5/2020","Haripur","Suspected","Non-COVID Expired",,"11/6/2020"
649,63,"Female","11/6/2020","Abbottabad","Positive","Recovered",,"11/7/2020"
650,81,"Male","11/6/2020","Mansehra","Positive","Expired",,"11/11/2020"
651,45,"Female","11/6/2020","Haripur","Positive","Discharge",,"11/15/2020"
652,67,"Male","11/7/2020","Abbottabad","Negative","Recovered",,"11/10/2020"
653,64,"Male","11/7/2020","Abbottabad","Negative","Recovered",,"11/11/2020"
654,65,"Male","11/7/2020","Mansehra","Suspected","Discharge",,"11/8/2020"
655,55,"Female","11/7/2020","Haripur","Negative","Recovered",,"11/14/2020"
656,55,"Female","11/8/2020","Abbottabad","Negative","Recovered",,"11/10/2020"
657,65,"Male","11/8/2020","Mansehra","Positive","Discharge",,"11/28/2020"
658,60,"Female","11/8/2020","Abbottabad","Suspected","Discharge",,"11/12/2020"
659,65,"Male","11/8/2020","Dassu","Positive","Recovered","Re-Negative","12/4/2020"
660,48,"Female","11/8/2020","Abbottabad","Positive","Recovered","Re-Negative","11/17/2020"
661,24,"Male","11/9/2020","Abbottabad","Positive","Discharge",,"11/16/2020"
662,51,"Male","11/9/2020","Abbottabad","Positive","Recovered","Re-Negative ","11/30/2020"
663,70,"Female","11/9/2020","Abbottabad","Negative","Recovered",,"11/15/2020"
664,45,"Female","11/9/2020","Abbottabad","Negative","Recovered",,"11/11/2020"
665,72,"Male","11/9/2020","Abbottabad","Negative","Recovered",,"11/11/2020"
666,58,"Male","11/9/2020","Mansehra","Negative","Non-COVID Expired","Re-Negative","11/20/2020"
667,75,"Female","11/9/2020","Haripur","Positive","Expired",,"11/11/2020"
668,55,"Female","11/10/2020","Abbottabad","Negative","Recovered",,"11/11/2020"
669,65,"Female","11/10/2020","Abbottabad","Negative","Recovered",,"11/12/2020"
670,70,"Male","11/10/2020","Abbottabad","Suspected","Non-COVID Expired",,"11/10/2020"
671,70,"Male","11/10/2020","Abbottabad","Positive","Recovered","Re-Negative","12/3/2020"
672,65,"Female","11/10/2020","Mansehra","Negative","Recovered",,"11/13/2020"
673,46,"Female","11/10/2020","Mansehra","Negative","Recovered",,"11/13/2020"
674,60,"Female","11/10/2020","Abbottabad","Suspected","Discharge",,"11/10/2020"
675,65,"Male","11/10/2020","Mansehra","Positive","Discharge",,"11/17/2020"
676,60,"Male","11/10/2020","Abbottabad","Suspected","Non-COVID Expired",,"11/11/2020"
677,60,"Female","11/10/2020","Abbottabad","Negative","Non-COVID Expired",,"11/15/2020"
678,85,"Male","11/10/2020","Haripur","Suspected","Discharge",,"11/12/2020"
679,60,"Male","11/10/2020","Abbottabad","Suspected","Discharge",,"11/10/2020"
680,65,"Male","11/11/2020","Abbottabad","Negative","Recovered",,"11/12/2020"
681,50,"Female","11/11/2020","Abbottabad","Positive","Discharge",,"11/18/2020"
682,60,"Male","11/11/2020","Mansehra","Suspected","Discharge",,"11/11/2020"
683,60,"Female","11/11/2020","Battagram","Negative","Recovered",,"11/20/2020"
684,60,"Female","11/11/2020","Mansehra","Positive","Expired",,"11/12/2020"
685,50,"Male","11/11/2020","Abbottabad","Suspected","Discharge",,"11/15/2020"
686,28,"Female","11/11/2020","Mansehra","Suspected","Discharge",,"11/16/2020"
687,68,"Male","11/11/2020","Abbottabad","Negative","Recovered",,"11/12/2020"
688,80,"Male","11/11/2020","Abbottabad","Suspected","Discharge",,"11/17/2020"
689,65,"Male","11/11/2020","Mansehra","Suspected","Non-COVID Expired",,"11/13/2020"
690,57,"Male","11/12/2020","Abbottabad","Negative","Recovered",,"11/22/2020"
691,46,"Female","11/12/2020","Mansehra","Negative","Recovered",,"12/7/2020"
692,65,"Female","11/12/2020","Mansehra ","Positive","Discharge",,"11/18/2020"
693,84,"Male","11/12/2020","Mansehra","Negative","Recovered",,"11/20/2020"
694,50,"Male","11/12/2020","Abbottabad","Positive","Discharge",,"11/18/2020"
695,48,"Male","11/12/2020","Mansehra","Suspected","Non-COVID Expired",,"11/13/2020"
696,50,"Male","11/13/2020","Mansehra","Negative","Recovered",,"11/18/2020"
697,45,"Female","11/13/2020","Abbottabad","Negative","Recovered",,"11/17/2020"
698,60,"Male","11/13/2020","Mansehra ","Positive","Discharge",,"11/24/2020"
699,32,"Male","11/13/2020","Mansehra","Suspected","Non-COVID Expired",,"11/15/2020"
700,60,"Male","11/13/2020","Abbottabad","Negative","Non-COVID Expired",,"11/19/2020"
701,62,"Female","11/13/2020","Abbottabad","Positive","Discharge","neg 18/11","11/19/2020"
702,35,"Male","11/14/2020","Mansehra","Negative","Recovered",,"11/19/2020"
703,45,"Male","11/14/2020","Kohistan","Suspected","Discharge",,"11/16/2020"
704,57,"Male","11/14/2020","Abbottabad","Suspected","Discharge",,"11/21/2020"
705,50,"Male","11/14/2020","Kohistan","Negative","Recovered",,"11/26/2020"
706,47,"Female","11/14/2020","Abbottabad","Negative","Recovered",,"12/8/2020"
707,62,"Male","11/14/2020","Kohistan","Positive","Expired",,"11/19/2020"
708,60,"Male","11/14/2020","Mansehra","Positive","Discharge",,"11/24/2020"
709,61,"Male","11/14/2020","Mansehra","Negative","Recovered",,"11/20/2020"
710,50,"Male","11/14/2020","Kohistan","Suspected","Non-COVID Expired",,"11/16/2020"
711,80,"Female","11/14/2020","Muzafarabad","Negative","Recovered",,"11/20/2020"
712,50,"Female","11/15/2020","Abbottabad","Negative","Recovered",,"11/28/2020"
713,57,"Male","11/15/2020","Abbottabad","Negative","Non-COVID Expired",,"11/19/2020"
714,74,"Male","11/15/2020","Haripur","Negative","Recovered",,"11/17/2020"
715,42,"Female","11/15/2020","Mansehra","Negative","Recovered",,"11/17/2020"
716,60,"Female","11/15/2020","Mansehra","Positive","Discharge",,"11/28/2020"
717,65,"Female","11/15/2020","Abbottabad","Negative","Recovered",,"11/17/2020"
718,69,"Male","11/15/2020","Abbottabad","Negative","Recovered",,"11/18/2020"
719,42,"Female","11/16/2020","Mansehra","Negative","Recovered",,"11/30/2020"
720,23,"Female","11/16/2020","Abbottabad","Negative","Recovered",,"11/18/2020"
721,80,"Female","11/16/2020","Haripur","Suspected","Discharge",,"11/17/2020"
722,65,"Female","11/16/2020","Abbottabad","Negative","Recovered",,"11/19/2020"
723,70,"Male","11/16/2020","Haripur","Positive","Discharge",,"11/20/2020"
724,40,"Male","11/16/2020","Abbottabad","Negative","Recovered",,
725,48,"Male","11/16/2020","Mansehra","Positive","Expired",,"12/4/2020"
726,56,"Male","11/16/2020","Abbottabad","Negative","Recovered","Re-Negative","11/25/2020"
727,60,"Female","11/16/2020","Abbottabad","Negative","Recovered",,"11/23/2020"
728,57,"Female","11/16/2020","Abbottabad","Positive","Expired",,"11/23/2020"
729,48,"Male","11/16/2020","Abbottabad","Suspected","Discharge",,"11/17/2020"
730,48,"Male","11/16/2020","Abbottabad","Negative","Recovered",,"11/21/2020"
731,66,"Female","11/16/2020","Abbottabad","Negative","Recovered",,"11/26/2020"
732,60,"Female","11/16/2020","Abbottabad","Positive","Discharge",,"11/29/2020"
733,48,"Male","11/17/2020","Abbottabad","Suspected","Discharge",,"11/19/2020"
734,50,"Male","11/17/2020","Haripur","Negative","Recovered",,"11/23/2020"
735,58,"Female","11/17/2020","Mansehra","Negative","Admitted",,
736,72,"Female","11/17/2020","Abbottabad","Negative","Recovered",,"11/30/2020"
737,62,"Male","11/17/2020","Mansehra","Negative","Recovered",,"11/19/2020"
738,72,"Male","11/17/2020","Mansehra","Negative","Recovered",,"11/27/2020"
739,65,"Female","11/17/2020","Abbottabad","Suspected","Discharge",,"11/18/2020"
740,60,"Male","11/18/2020","Abbottabad","Negative","Non-COVID Expired",,"12/2/2020"
741,36,"Male","11/18/2020","Haripur","Negative","Recovered",,"11/20/2020"
742,47,"Male","11/18/2020","Abbottabad","Negative","Recovered",,"11/25/2020"
743,56,"Male","11/18/2020","Abbottabad","Negative","Non-COVID Expired",,"12/1/2020"
744,60,"Male","11/18/2020","Abbottabad","Negative","Recovered",,"11/24/2020"
745,30,"Male","11/18/2020","Abbottabad","Negative","Recovered",,"11/22/2020"
746,35,"Female","11/19/2020","Abbottabad","Negative","Recovered",,"11/22/2020"
747,60,"Male","11/19/2020","Abbottabad","Negative","Recovered",,"11/22/2020"
748,45,"Female","11/19/2020","Abbottabad","Negative","Recovered",,"11/27/2020"
749,75,"Male","11/19/2020","Kohistan","Suspected","Non-COVID Expired",,"11/19/2020"
750,64,"Male","11/19/2020","Mansehra","Negative","Recovered",,"11/30/2020"
751,50,"Female","11/19/2020","Mansehra","Positive","Expired",,"11/20/2020"
752,55,"Male","11/19/2020","Mansehra","Negative","Recovered",,"11/30/2020"
753,66,"Male","11/19/2020","Abbottabad","Negative","Non-COVID Expired",,"11/23/2020"
754,38,"Male","11/19/2020","Abbottabad","Negative","Recovered",,"11/22/2020"
755,70,"Male","11/19/2020","Mansehra","Positive","Discharge",,"11/25/2020"
756,45,"Female","11/19/2020","Abbottabad","Negative","Recovered",,"11/23/2020"
757,48,"Male","11/20/2020","Mansehra","Negative","Non-COVID Expired",,"11/23/2020"
758,70,"Female","11/20/2020","Abbottabad","Negative","Recovered",,"11/24/2020"
759,70,"Male","11/20/2020","Haripur","Negative","Recovered",,"11/23/2020"
760,45,"Female","11/20/2020","Abbottabad","Negative","Recovered",,"11/25/2020"
761,65,"Male","11/20/2020","Abbottabad","Negative","Recovered",,"11/22/2020"
762,68,"Male","11/20/2020","Abbottabad","Negative","Recovered",,"11/25/2020"
763,55,"Male","11/20/2020","Mansehra ","Negative","Recovered",,"11/29/2020"
764,55,"Male","11/21/2020","Abbottabad","Suspected","Discharge",,"11/22/2020"
765,60,"Male","11/21/2020","Abbottabad","Negative","Recovered",,"11/21/2020"
766,55,"Male","11/21/2020","Abbottabad","Negative","Recovered",,"11/22/2020"
767,48,"Male","11/21/2020","Abbottabad","Negative","Recovered",,"11/26/2020"
768,60,"Male","11/21/2020","Mansehra","Negative","Recovered",,"11/27/2020"
769,70,"Female","11/21/2020","Abbottabad","Negative","Non-COVID Expired",,"12/2/2020"
770,42,"Male","11/21/2020","Haripur","Suspected","Discharge",,"11/22/2020"
771,53,"Female","11/21/2020","Abbottabad","Negative","Recovered",,"11/25/2020"
772,75,"Female","11/21/2020","Abbottabad","Negative","Admitted",,
773,68,"Male","11/21/2020","Mansehra","Suspected","Discharge",,"11/23/2020"
774,86,"Male","11/22/2020","Mansehra","Suspected","Non-COVID Expired",,"11/22/2020"
775,45,"Male","11/22/2020","Abbottabad","Suspected","Non-COVID Expired",,"11/23/2020"
776,60,"Male","11/22/2020","Abbottabad","Suspected","Discharge",,"11/23/2020"
777,63,"Male","11/22/2020","Abbottabad","Negative","Recovered",,"11/24/2020"
778,40,"Female","11/22/2020","Abbottabad","Positive","Expired",,
779,76,"Male","11/22/2020","Abbottabad","Positive","Discharge",,"11/26/2020"
780,61,"Male","11/22/2020","Haripur","Negative","Recovered",,"11/30/2020"
781,65,"Female","11/22/2020","Mansehra","Suspected","Discharge",,"11/24/2020"
782,55,"Male","11/22/2020","Kohistan","Positive","Recovered",,"12/7/2020"
783,50,"Female","11/22/2020","Abbottabad","Negative","Recovered",,"11/29/2020"
784,45,"Male","11/22/2020","Mansehra","Suspected","Non-COVID Expired",,"11/25/2020"
785,85,"Male","11/22/2020","Abbottabad","Suspected","Non-COVID Expired",,"11/22/2020"
786,42,"Male","11/23/2020","Abbottabad","Negative","Recovered",,"12/1/2020"
787,69,"Male","11/23/2020","Abbottabad","Positive","Discharge",,"11/26/2020"
788,67,"Male","11/23/2020","Abbottabad","Positive","Expired",,"11/28/2020"
789,43,"Male","11/23/2020","Haripur","Negative","Recovered",,"11/29/2020"
790,70,"Female","11/23/2020","Haripur","Positive","Recovered",,
791,65,"Male","11/23/2020","Mansehra","Positive","Discharge",,"11/24/2020"
792,75,"Male","11/23/2020","Abbottabad","Negative","Recovered",,"11/30/2020"
793,38,"Male","11/23/2020","Mansehra","Negative","Recovered",,"11/24/2020"
794,45,"Male","11/23/2020","Abbottabad","Negative","Admitted",,
795,70,"Male","11/23/2020","Haripur","Negative","Recovered",,"11/29/2020"
796,80,"Male","11/24/2020","Abbottabad","Negative","Recovered",,"11/30/2020"
797,65,"Male","11/24/2020","Abbottabad","Positive","Discharge","Re-Positive","12/3/2020"
798,72,"Male","11/24/2020","Abbottabad","Negative","Non-COVID Expired",,"12/1/2020"
799,72,"Male","11/24/2020","Abbottabad","Negative","Non-COVID Expired",,"12/2/2020"
800,50,"Female","11/24/2020","Abbottabad","Negative","Recovered",,"12/8/2020"
801,75,"Female","11/24/2020","Haripur","Negative","Recovered",,"11/25/2020"
802,70,"Female","11/24/2020","Abbottabad","Suspected","Discharge",,"11/24/2020"
803,75,"Male","11/24/2020","Muzafarabad","Negative","Admitted",,
804,56,"Female","11/24/2020","Mansehra","Negative","Recovered",,"12/3/2020"
805,68,"Male","11/24/2020","Mansehra","Negative","Recovered",,"12/1/2020"
806,50,"Male","11/24/2020","Abbottabad","Negative","Recovered",,"11/29/2020"
807,72,"Male","11/24/2020","Abbottabad","Negative","Non-COVID Expired",,"11/27/2020"
808,40,"Male","11/24/2020","Abbottabad","Negative","Recovered",,"11/29/2020"
809,50,"Female","11/24/2020","Mansehra","Positive","Recovered","Re-Negative","11/29/2020"
810,50,"Male","11/25/2020","Abbottabad","Negative","Recovered",,"11/28/2020"
811,65,"Female","11/25/2020","Abbottabad","Negative","Recovered",,"11/28/2020"
812,46,"Male","11/25/2020","Haripur","Negative","Non-COVID Expired",,"11/29/2020"
813,65,"Female","11/25/2020","Abbottabad","Positive","Discharge",,"11/29/2020"
814,75,"Male","11/25/2020","Abbottabad","Negative","Recovered",,"11/28/2020"
815,75,"Female","11/25/2020","Abbottabad","Negative","Recovered",,"12/5/2020"
816,58,"Male","11/25/2020","Haripur","Suspected","Discharge",,"11/28/2020"
817,50,"Female","11/25/2020","Abbottabad","Negative","Recovered",,"11/28/2020"
818,48,"Male","11/25/2020","Abbottabad","Negative","Recovered",,"11/28/2020"
819,56,"Male","11/25/2020","Abbottabad","Suspected","Discharge",,"12/1/2020"
820,80,"Male","11/25/2020","Abbottabad","Positive","Expired",,"12/10/2020"
821,55,"Male","11/25/2020","Abbottabad","Negative","Recovered",,"12/9/2020"
822,25,"Female","11/25/2020","Mansehra","Suspected","Discharge",,"11/26/2020"
823,65,"Male","11/26/2020","Abbottabad","Negative","Recovered",,"11/29/2020"
824,58,"Male","11/26/2020","Abbottabad","Positive","Expired",,"12/1/2020"
825,71,"Male","11/26/2020","Mansehra","Negative","Non-COVID Expired",,"12/4/2020"
826,80,"Female","11/26/2020","Mansehra","Suspected","Discharge",,"11/26/2020"
827,77,"Male","11/26/2020","Abbottabad","Suspected","Non-COVID Expired",,
828,78,"Male","11/26/2020","Battagram","Negative","Recovered",,"12/8/2020"
829,66,"Female","11/26/2020","Abbottabad","Negative","Recovered",,"12/3/2020"
830,55,"Male","11/27/2020","Haripur","Negative","Recovered",,"12/5/2020"
831,28,"Female","11/27/2020","Abbottabad","Negative","Recovered",,"12/2/2020"
832,90,"Male","11/27/2020","Dassu","Negative","Recovered",,"11/30/2020"
833,55,"Female","11/27/2020","Abbottabad","Positive","Admitted",,
834,55,"Female","11/27/2020","Mansehra","Negative","Non-COVID Expired",,"12/9/2020"
835,55,"Male","11/27/2020","Mansehra","Suspected","Non-COVID Expired",,
836,82,"Male","11/27/2020","Abbottabad","Negative","Admitted",,
837,52,"Male","11/28/2020","Abbottabad","Negative","Recovered",,"12/3/2020"
838,30,"Female","11/28/2020","Abbottabad","Negative","Recovered",,
839,38,"Male","11/28/2020","Abbottabad","Negative","Recovered",,
840,65,"Male","11/28/2020","Abbottabad","Negative","Non-COVID Expired",,"12/6/2020"
841,70,"Female","11/28/2020","Abbottabad","Positive","Discharge",,"12/4/2020"
842,73,"Male","11/28/2020","Abbottabad","Negative","Non-COVID Expired",,"12/11/2020"
843,65,"Female","11/29/2020","Abbottabad","Suspected","Discharge",,"11/30/2020"
844,54,"Female","11/29/2020","Abbottabad","Negative","Non-COVID Expired",,"12/2/2020"
845,53,"Male","11/29/2020","Mansehra","Negative","Recovered",,"12/3/2020"
846,73,"male","11/29/2020","Abbottabad","Suspected","Non-COVID Expired",,"11/30/2020"
847,77,"male","11/29/2020","Abbottabad","Negative","Non-COVID Expired",,"12/8/2020"
848,75,"male","11/29/2020","Abbottabad","Positive","Expired",,"12/10/2020"
849,55,"Female","11/29/2020","Haripur","Negative","Non-COVID Expired",,"12/7/2020"
850,62,"male","11/29/2020","Mansehra","Suspected","Non-COVID Expired",,"11/30/2020"
851,45,"Female","11/29/2020","Kohistan","Negative","Admitted",,
852,25,"Female","11/29/2020","Abbottabad","Suspected","Discharge",,"11/30/2020"
853,42,"Male","11/29/2020","Mansehra","Negative","Admitted",,"12/2/2020"
854,60,"Male","11/29/2020","Mansehra","Suspected","Discharge",,"12/2/2020"
855,65,"Female","11/30/2020","Battagram","Suspected","Discharge",,"12/2/2020"
856,65,"Male","11/30/2020","Mansehra","Negative","Non-COVID Expired",,"12/11/2020"
857,70,"Male","11/30/2020","Abbottabad","Negative","Admitted",,
858,50,"Female","11/30/2020","Mansehra","Negative","Recovered",,"12/7/2020"
859,60,"Male","11/30/2020","Abbottabad","Negative","Recovered",,"12/8/2020"
860,72,"Male","11/30/2020","Abbottabad","Negative","Non-COVID Expired",,"12/6/2020"
861,60,"Female","11/30/2020","Abbottabad","Negative","Non-COVID Expired",,"12/5/2020"
862,70,"Female","11/30/2020","Abbottabad","Suspected","Discharge",,"12/2/2020"
863,75,"Male","11/30/2020","Abbottabad","Negative","Admitted",,
864,80,"Female","11/30/2020","Abbottabad","Negative","Non-COVID Expired",,"12/4/2020"
865,50,"Male","11/30/2020","Dassu","Positive","Expired",,"12/5/2020"
866,80,"Male","11/30/2020","Abbottabad","Suspected","Discharge",,"12/1/2020"
867,95,"Female","11/30/2020","Abbottabad","Negative","Recovered",,"12/3/2020"
868,50,"Female","11/30/2020","Abbottabad","Negative","Non-COVID Expired",,"12/2/2020"
869,64,"Male","11/30/2020","Abbottabad","Negative","Recovered",,"12/8/2020"
870,57,"Male","11/30/2020","Abbottabad","Negative","Recovered",,"12/082020"
871,53,"Male","11/30/2020","Haripur","Negative","Recovered",,"12/2/2020"
872,65,"Female","11/30/2020","Kohistan","Negative","Non-COVID Expired",,"12/8/2020"
873,70,"Male","12/1/2020","Haripur","Negative","Recovered",,"12/04/0202"
874,80,"Male","12/1/2020","Abbottabad","Positive","Expired",,"12/2/2020"
875,4,"Female","12/1/2020","Mansehra","Negative","Recovered",,"12/2/2020"
876,60,"Female","12/1/2020","Mansehra","Negative","Admitted",,
877,32,"Female","12/1/2020","Abbottabad","Suspected","Discharge",,"12/8/2020"
878,62,"Male","12/1/2020","Mansehra","Positive","Discharge",,"12/9/2020"
879,55,"Male","12/1/2020","Dassu","Negative","Recovered",,"12/6/2020"
880,75,"Female","12/1/2020","Abbottabad","Positive","Expired",,"12/2/2020"
881,70,"Male","12/1/2020","Abbottabad","Negative","Recovered",,"12/6/2020"
882,52,"Female","12/1/2020","Haripur","Negative","Recovered",,"14/04/2020"
883,55,"Male","12/1/2020","Abbottabad","Positive","Admitted",,
884,75,"Male","12/1/2020","Dassu","Negative","Non-COVID Expired",,"12/3/2020"
885,50,"Female","12/2/2020","Mansehra","Positive","Admitted",,
886,70,"Female","12/2/2020","Abbottabad","Suspected","Discharge",,"12/2/2020"
887,55,"Male","12/2/2020","Mansehra","Suspected","Non-COVID Expired",,"12/4/2020"
888,76,"Male","12/2/2020","Abbottabad","Suspected","Discharge",,"12/7/2020"
889,70,"Female","12/2/2020","Mansehra","Negative","Recovered",,"12/10/2020"
890,60,"Male","12/2/2020","Mansehra","Negative","Admitted",,
891,65,"Female","12/2/2020","Mansehra","Suspected","Discharge",,"12/8/2020"
892,75,"Male","12/2/2020","Mansehra","Positive","Discharge",,"12/7/2020"
893,62,"Male","12/2/2020","Mansehra","Negative","Recovered",,"12/8/2020"
894,65,"Female","12/3/2020","Abbottabad","Negative","Recovered",,"12/7/2020"
895,40,"Female","12/3/2020","Mansehra","Suspected","Discharge",,"12/3/2020"
896,50,"Female","12/3/2020","Abbottabad","Negative","Non-COVID Expired",,"12/6/2020"
897,48,"Female","12/3/2020","Abbottabad","Negative","Recovered",,"12/5/2020"
898,60,"Female","12/3/2020","Abbottabad","Positive","Expired",,"12/7/2020"
899,55,"Male","12/4/2020","Mansehra","Negative","Recovered",,"12/7/2020"
900,55,"Male","12/4/2020","Abbottabad","Positive","Admitted",,
901,60,"Female","12/4/2020","Battagram","Negative","Recovered",,"12/7/2020"
902,72,"Male","12/4/2020","Mansehra ","Negative","Admitted",,
903,68,"Male","12/4/2020","Mansehra","Negative","Recovered",,"12/7/2020"
904,65,"Male","12/4/2020","Haripur","Positive","Expired",,"12/12/2020"
905,60,"Male","12/4/2020","Abbottabad","Awaiting","Admitted",,
906,70,"Male","12/4/2020","Mansehra","Negative","Recovered",,"12/7/2020"
907,75,"Male","12/4/2020","Abbottabad","Positive","Discharge",,"12/7/2020"
908,70,"Female","12/4/2020","Abbottabad","Positive","Discharge",,"12/8/2020"
909,67,"Male","12/4/2020","Abbottabad","Negative","Admitted",,
910,60,"Female","12/4/2020","Abbottabad","Negative","Non-COVID Expired",,"12/5/2020"
911,60,"Female","12/4/2020","Mansehra","Negative","Admitted",,
912,41,"Male","12/4/2020","Mansehra","Negative","Recovered",,"12/7/2020"
913,85,"Male","12/4/2020","Abbottabad","Negative","Non-COVID Expired",,"12/10/2020"
914,80,"Male","12/5/2020","Swabi","Negative","Admitted",,
915,32,"Female","12/5/2020","Abbottabad","Suspected","Discharge",,"12/6/2020"
916,50,"Male","12/5/2020","Battagram","Negative","Recovered",,"12/8/2020"
917,70,"Male","12/5/2020","Mansehra","Suspected","Non-COVID Expired",,"12/7/2020"
918,65,"Male","12/5/2020","Mansehra","Negative","Admitted",,
919,72,"Male","12/5/2020","Abbottabad","Positive","Expired",,"12/10/2020"
920,70,"Male","12/5/2020","Kohistan","Negative","Recovered",,"12/8/2020"
921,45,"Female","12/5/2020","Abbottabad","Positive","Expired",,"12/12/2020"
922,58,"Female","12/5/2020","Abbottabad","Negative","Recovered",,"12/6/2020"
923,82,"Male","12/6/2020","Haripur","Negative","Recovered",,"12/7/2020"
924,72,"Male","12/6/2020","Muzafarabad","Suspected","Non-COVID Expired",,"12/11/2020"
925,90,"Male","12/6/2020","Mansehra","Suspected","Non-COVID Expired",,"12/8/2020"
926,65,"Female","12/6/2020","Abbottabad","Positive","Admitted",,
927,40,"Female","12/7/2020","Mansehra","Positive","Expired",,"12/7/2020"
928,60,"Male","12/7/2020","Abbottabad","Suspected","Non-COVID Expired",,"12/8/2020"
929,43,"Male","12/7/2020","Charsadda","Awaiting","Admitted",,
930,62,"Male","12/7/2020","Haripur","Negative","Non-COVID Expired",,"12/12/2020"
931,53,"Female","12/7/2020","Abbottabad","Positive","Admitted",,
932,52,"Female","12/7/2020","Haripur","Negative","Admitted",,
933,37,"Female","12/7/2020","Abbottabad","Suspected","Discharge",,"12/8/2020"
934,45,"Female","12/7/2020","Mansehra ","Negative","Recovered",,"12/9/2020"
935,60,"Male","12/7/2020","Haripur","Negative","Admitted",,
936,82,"Female","12/8/2020","Abbottabad","Negative","Admitted",,
937,34,"Male","12/8/2020","Abbottabad","Suspected","Discharge",,"12/10/2020"
938,65,"Male","12/8/2020","Mansehra","Suspected","Discharge",,"12/8/2020"
939,50,"Male","12/8/2020","Abbottabad","Negative","Admitted",,
940,34,"Female","12/8/2020","Mansehra","Positive","Admitted",,"12/8/2020"
941,60,"Female","12/8/2020","Mansehra","Positive","Discharge",,"12/10/2020"
942,79,"Male","12/8/2020","Abbottabad","Suspected","Non-COVID Expired",,
943,32,"Male","12/8/2020","Abbottabad","Negative","Admitted",,
944,50,"Male","12/9/2020","Abbottabad","Positive","Admitted",,
945,51,"Male","12/9/2020","Abbottabad","Suspected","Discharge",,"12/10/2020"
946,70,"Male","12/9/2020","Abbottabad","Negative","Non-COVID Expired",,"12/11/2020"
947,60,"Male","12/9/2020","Kohistan","Suspected","Non-COVID Expired",,"12/10/2020"
948,80,"Female","12/9/2020","Abbottabad","Negative","Admitted",,
949,70,"Female","12/9/2020","Abbottabad","Suspected","Non-COVID Expired",,"12/10/2020"
950,75,"Male","12/9/2020","Mansehra","Suspected","Non-COVID Expired",,"12/10/2020"
951,58,"Female","12/9/2020","Haripur","Negative","Admitted",,
952,85,"Male","12/10/2020","Abbottabad","Suspected","Non-COVID Expired",,"12/10/2020"
953,12,"Male","12/10/2020","Gilgit","Suspected","Discharge",,"12/10/2020"
954,70,"Male","12/10/2020","Abbottabad","Suspected","Discharge",,"12/10/2020"
955,61,"Male","12/10/2020","Mansehra","Negative","Admitted",,
956,46,"Female","12/10/2020","Abbottabad","Suspected","Discharge",,"12/10/2020"
957,65,"Female","12/10/2020","Abbottabad","Negative","Admitted",,
958,70,"Male","12/10/2020","Dassu","Negative","Recovered",,"12/10/2020"
959,57,"Male","12/10/2020","Abbottabad","Awaiting","Admitted",,
960,60,"Male","12/10/2020","Battagram","Suspected","Discharge",,"12/11/2020"
961,50,"Male","12/10/2020","Abbottabad","Positive","Admitted",,
962,27,"Male","12/11/2020","Abbottabad","Positive","Admitted",,
963,75,"Female","12/11/2020","Mansehra","Awaiting","Admitted",,
964,60,"Male","12/11/2020","Abbottabad","Awaiting","Admitted",,
965,75,"Female","12/11/2020","Abbottabad","Negative","Admitted",,
966,60,"Male","12/11/2020","Dassu","Awaiting","Admitted",,
967,65,"Male","12/11/2020","Mansehra","Suspected","Non-COVID Expired",,"12/12/2020"
968,72,"Male","12/11/2020","Mansehra","Awaiting","Admitted",,
969,60,"Male","12/11/2020","Abbottabad","Positive","Admitted",,
970,52,"Male","12/11/2020","Abbottabad","Awaiting","Admitted",,
971,28,"Male","12/11/2020","Abbottabad","Awaiting","Admitted",,
972,65,"Female","12/12/2020","Abbottabad","Suspected","Non-COVID Expired",,"12/12/2020"
973,65,"Female","12/12/2020","Abbottabad","Suspected","Non-COVID Expired",,"12/12/2020"
974,62,"Male","12/12/2020","Mansehra","Awaiting","Admitted",,
975,65,"Male","12/12/2020","Abbottabad","Awaiting","Admitted",,
976,58,"Male","12/12/2020","Abbottabad","Awaiting","Admitted",,
977,54,"Male","12/12/2020","Abbottabad","Awaiting","Admitted",,
978,65,"Female","12/12/2020","Battagram","Awaiting","Admitted",,
979,75,"Female","12/12/2020","Mansehra","Awaiting","Admitted",,
980,50,"Male","12/12/2020","Haripur","Awaiting","Admitted",,
981,38,"Male","12/12/2020","Abbottabad","Awaiting","Admitted",,
982,65,"Female","12/12/2020","Haripur","Awaiting","Admitted",,
983,55,"Male","12/13/2020","Mansehra","Awaiting","Admitted",,
984,65,"Male","12/13/2020","Battagram","Awaiting","Admitted",,
